sentence,position,eps,timing,memory
0,10,1.1281249523162842,37.793025,4781875712
1,13,1.5175000429153442,42.578427,7345048064
2,4,0.768750011920929,28.400235,409897984
3,12,1.3300000429153442,33.701098,2911144960
4,7,0.8368750214576721,30.942935,1045053440
5,11,1.5824999809265137,34.088132,2427978240
6,3,1.2418750524520874,32.751702,2420846080
7,6,0.4671874940395355,37.839884,3464462336
8,3,0.4831250011920929,38.262990,3464462336
9,2,1.1425000429153442,40.354006,6453213696
