sentence,position,eps,timing,memory
0,10,0.15390625596046448,1429.416661,5270164480
1,13,0.30781251192092896,3870.230354,11189270016
2,4,0.11851562559604645,903.732224,864070144
3,12,0.23203125596046448,1781.046028,3826259456
4,7,0.08906249701976776,901.227665,1593976320
5,11,0.21375000476837158,1668.876823,3107794432
6,3,0.130859375,1678.828916,3164353024
7,6,0.07234375178813934,1678.670138,4230885376
8,3,0.07640624791383743,1792.359305,4115753984
9,2,0.2459374964237213,2348.973898,6739837952
